No_Shot,Machine_Cycle_Time,Cycle_Time,Barrel_Temp_Z1,Barrel_Temp_Z2,Barrel_Temp_Z3,Barrel_Temp_Z4,Hopper_Temp,Injection_Pressure_Real_Time,Screw_Position,Injection_Peak_Press,Max_Injection_Rate,Screw_Velocity,VP_Time,VP_Position,Weighing_Start_Position,VP_Press,Plasticizing_Time,Plasticizing_Start_Position,Plasticizing_End_Position,Plasticizing_RPM,Minimum_Cushion,Cooling_Time,Back_Flow,Decompression_Time,_ID
0,16.54,16.52,210.2,200.7,193.5,187.3,40.1,1.23,6.02,1211.65,78.37,20.6,2,8.14,10.51,1062,4.74,10.46,63.11,28.27,6.02,8,49.03,0.32,0
1,16.56,16.54,210.2,200.8,193.5,187.2,40.2,1.24,6.02,1211.65,78.37,20.6,2,8.14,10.51,1062,4.81,10.49,63.11,28.27,6.02,8,49.03,0.32,1
2,16.58,16.56,210.1,200.7,193.5,187.2,40.2,1.26,6.02,1209.16,78.32,35.38,2,8.12,10.54,1101.41,4.8,10.53,63.11,28.27,6.02,8,49.03,0.32,2
3,16.62,16.58,210.1,200.6,193.5,187.2,40.2,1.3,6.28,1228.24,78.19,36.35,2,8.12,10.79,1092.55,4.84,10.78,63.11,28.27,6.28,8,49.03,0.33,3
4,16.62,16.62,210,200.5,193.4,187.3,40.1,1.31,6.46,1287.11,77.99,46.1,2,8.1,10.96,1153.41,4.86,10.94,63.11,28.27,6.46,8,49.03,0.33,4
5,16.62,16.64,210,200.4,193.4,187.3,40.1,1.3,6.43,1261.17,78.07,47.77,2,8.11,10.94,1176.73,4.87,10.92,63.11,28.27,6.43,8,49.03,0.33,5
6,16.62,16.62,210,200.3,193.3,187.4,40,1.31,6.51,1276.63,78.03,46.78,2,8.11,11,1162.02,4.84,10.99,63.11,28.27,6.51,8,49.03,0.33,6
7,16.62,16.62,210.1,200.3,193.4,187.5,40,1.3,6.38,1285.61,78.17,45.13,2,8.12,10.89,1151.92,4.87,10.87,63.11,28.27,6.38,8,49.03,0.32,7
8,16.6,16.64,210,200.4,193.4,187.7,39.9,1.31,6.39,1241.21,78.11,39.1,2,8.14,10.9,1108.89,4.89,10.89,63.11,28.27,6.39,8,49.03,0.32,8
9,16.62,16.62,209.9,200.3,193.6,187.9,40,1.32,6.4,1283.99,78.17,45.59,2,8.12,10.9,1149.05,4.93,10.88,63.11,28.27,6.4,8,49.03,0.32,9
10,16.62,16.64,210,200.2,193.6,188,40.1,1.32,6.43,1283.86,78.06,43.91,2,8.13,10.93,1131.71,4.83,10.91,63.11,28.27,6.43,8,49.03,0.32,10
11,16.64,16.62,210,200.2,193.6,188.1,40.2,1.32,6.4,1265.53,78.15,47.82,2,8.12,10.88,1165.76,4.91,10.86,63.11,28.27,6.4,8,49.03,0.32,11
12,16.62,16.64,210,200.2,193.7,188.3,40.1,1.32,6.37,1276.38,78.19,44.05,2,8.13,10.87,1130.47,4.88,10.85,63.11,28.27,6.37,8,49.03,0.32,12
13,16.62,16.64,210,200.2,193.8,188.4,40.1,1.32,6.47,1290.1,78.07,45.22,2,8.14,10.96,1136.58,4.9,10.94,63.12,28.27,6.47,8,49.03,0.32,13
14,16.62,16.64,210.1,200.1,193.8,188.4,40.1,1.32,6.55,1276.63,78,47.77,2,8.1,11.08,1169.25,4.91,11.06,63.11,28.27,6.55,8,49.03,0.32,14
15,16.6,16.64,210.1,200,193.8,188.5,40,1.31,6.53,1275.88,78.05,46.54,2,8.12,11.05,1159.28,4.9,11.04,63.11,28.27,6.53,8,49.03,0.32,15
16,16.6,16.62,210,200,193.9,188.7,40.1,1.3,6.44,1268.65,78.16,45.83,2,8.12,10.93,1171.37,4.89,10.92,63.12,28.27,6.44,8,49.03,0.32,16
17,16.62,16.6,210,200,194,188.7,40.1,1.31,6.49,1248.82,78.15,39.83,2,8.14,10.98,1111.39,4.84,10.97,63.11,28.27,6.49,8,49.03,0.32,17
18,16.62,16.64,209.9,199.9,194,188.7,40,1.31,6.43,1291.47,78.17,44.84,2,8.12,10.92,1139.57,4.9,10.91,63.11,28.27,6.43,8,49.03,0.32,18
19,16.62,16.62,210,199.9,194,188.7,40,1.31,6.5,1257.17,78.09,47.88,2,8.12,10.97,1184.97,4.87,10.95,63.11,28.27,6.5,8,49.03,0.32,19
20,16.62,16.64,210,200.1,194.1,188.9,40,1.32,6.5,1262.54,78.11,48.27,2,8.14,10.99,1166.76,4.89,10.97,63.11,28.27,6.5,8,49.03,0.32,20
21,16.62,16.64,209.9,200.1,194.3,189,40,1.33,6.47,1273.64,78.07,48.16,2,8.12,10.96,1156.53,4.9,10.95,63.12,28.27,6.47,8,49.03,0.32,21
22,16.64,16.64,210,200.1,194.3,189,40,1.34,6.52,1289.23,78.13,46.9,2,8.13,11,1146.8,4.87,10.99,63.11,28.27,6.52,8,49.03,0.32,22
23,16.64,16.64,210,200,194.3,189,40,1.32,6.38,1280.99,78.21,45.5,2,8.14,10.9,1149.8,4.9,10.89,63.12,28.27,6.38,8,49.03,0.32,23
24,16.62,16.64,210,200,194.3,189.1,40.1,1.32,6.36,1267.15,78.23,42.8,2,8.14,10.86,1126.97,4.92,10.85,63.11,28.27,6.36,8,49.03,0.32,24
25,16.62,16.64,210.1,200,194.3,189.2,40.1,1.31,6.51,1274.14,78.08,46.8,2,8.14,11.02,1170.75,4.9,10.98,63.11,28.27,6.51,8,49.03,0.32,25
26,16.62,16.62,210,200.1,194.3,189.2,40.1,1.32,6.47,1294.59,78.08,44.29,2,8.13,11,1144.68,4.9,10.98,63.11,28.27,6.47,8,49.03,0.32,26
27,16.62,16.64,210,200,194.3,189.2,40.1,1.31,6.49,1286.23,78.12,45.54,2,8.12,11.03,1158.15,4.88,11.01,63.11,28.27,6.49,8,49.03,0.32,27
28,16.62,16.62,210,200,194.2,189.3,40.1,1.31,6.58,1251.94,78.02,47.67,2,8.13,11.08,1193.95,4.87,11.06,63.11,28.27,6.58,8,49.03,0.32,28
29,16.62,16.62,210,200.1,194.2,189.5,40,1.31,6.53,1251.44,78.1,47.95,2,8.11,11.02,1188.33,4.88,11.02,63.11,28.27,6.53,8,49.03,0.32,29
30,16.62,16.64,210,199.9,194.3,189.5,40,1.32,6.54,1238.97,78.09,47.44,2,8.1,11.06,1208.91,4.87,11.06,63.11,28.27,6.54,8,49.03,0.32,30
31,16.62,16.64,210,199.9,194.3,189.4,39.9,1.32,6.37,1268.9,78.2,48.48,2,8.1,10.89,1167.51,4.9,10.88,63.11,28.27,6.37,8,49.03,0.32,31
32,16.62,16.64,209.9,200.1,194.3,189.5,40,1.32,6.43,1284.61,78.09,45.38,2,8.14,10.94,1144.81,4.84,10.93,63.11,28.27,6.43,8,49.03,0.32,32
33,16.62,16.64,210.1,200.1,194.3,189.6,40.2,1.31,6.47,1284.24,78.11,45.57,2,8.11,10.99,1149.92,4.86,10.98,63.11,28.27,6.47,8,49.03,0.32,33
34,16.62,16.62,210.1,200.1,194.5,189.6,40.2,1.31,6.44,1273.39,78.13,46.49,2,8.14,10.95,1158.65,4.87,10.94,63.11,28.27,6.44,8,49.03,0.32,34
35,16.62,16.62,210,199.9,194.5,189.7,40.2,1.31,6.44,1280.62,78.22,44.05,2,8.13,10.91,1132.96,4.86,10.9,63.12,28.27,6.44,8,49.03,0.33,35
36,16.62,16.64,210.1,200,194.6,189.6,40.2,1.32,6.46,1275.51,78.22,43.65,2,8.13,10.95,1126.1,4.9,10.93,63.11,28.27,6.46,8,49.03,0.32,36
37,16.62,16.64,210,200,194.6,189.8,40.2,1.33,6.48,1285.23,78.08,45.88,2,8.13,11.02,1152.91,4.92,11.01,63.11,28.27,6.48,8,49.03,0.32,37
38,16.62,16.65,209.9,200.1,194.7,189.9,40.1,1.32,6.44,1261.29,78.13,48.16,2,8.11,10.98,1173.37,4.88,10.96,63.11,28.27,6.44,8,49.03,0.32,38
39,16.62,16.64,210,200.1,194.8,189.9,40.1,1.32,6.48,1250.07,78.15,47.86,2,8.1,10.95,1176.11,4.93,10.94,63.11,28.27,6.48,8,49.03,0.32,39
40,16.62,16.64,209.9,200,194.6,189.8,39.8,1.31,6.5,1254.31,78.13,47.81,2,8.11,10.98,1188.71,4.87,10.97,63.12,28.27,6.5,8,49.03,0.32,40
41,16.62,16.62,210,200,194.7,189.9,40,1.31,6.48,1273.76,78.12,42.67,2,8.14,10.98,1128.6,4.8,10.97,63.11,28.27,6.48,8,49.03,0.32,41
42,16.6,16.64,210,199.9,194.8,190,40,1.31,6.42,1254.06,78.18,40.35,2,8.12,10.94,1117.87,4.9,10.93,63.12,28.27,6.42,8,49.03,0.32,42
43,16.6,16.62,209.9,200,194.8,190,40.3,1.31,6.5,1271.52,78.08,41.46,2,8.12,11,1133.34,4.86,10.99,63.11,28.27,6.5,8,49.03,0.33,43
44,16.6,16.62,210,200,194.7,189.9,40.3,1.31,6.5,1266.65,78.12,47.41,2,8.14,11,1171.62,4.86,10.97,63.11,28.27,6.5,8,49.03,0.32,44
45,16.62,16.62,210,199.9,194.7,190,40.2,1.32,6.48,1241.21,78.19,47.39,2,8.11,10.98,1204.05,4.89,10.96,63.11,28.27,6.48,8,49.03,0.33,45
46,16.62,16.64,210,200,194.7,189.9,40.1,1.32,6.52,1269.9,78.08,48.43,2,8.13,11.03,1169,4.93,11.02,63.11,28.27,6.52,8,49.03,0.32,46
47,16.62,16.64,210,200.1,194.7,190,40,1.33,6.48,1275.26,78.14,48.81,2,8.14,10.99,1163.76,4.96,10.98,63.11,28.27,6.48,8,49.03,0.32,47
48,16.62,16.64,209.9,199.9,194.7,190,39.9,1.33,6.47,1285.11,78.1,46.39,2,8.13,11,1153.41,4.91,10.98,63.12,28.27,6.47,8,49.03,0.32,48
49,16.62,16.64,210,199.9,194.8,189.9,39.9,1.32,6.52,1272.26,78.05,46.94,2,8.11,11.05,1170.62,4.9,11.04,63.12,28.27,6.52,8,49.03,0.32,49
50,16.62,16.62,210,200.1,194.8,190,39.9,1.32,6.5,1279.12,78.08,46.44,2,8.1,11.03,1164.76,4.84,11.02,63.11,28.27,6.5,8,49.03,0.32,50
51,16.62,16.64,210,200,194.8,190,40,1.32,6.47,1288.35,78.11,44.78,2,8.12,10.98,1139.45,4.87,10.97,63.12,28.27,6.47,8,49.03,0.33,51
52,16.62,16.62,210,200,194.9,190,40.3,1.32,6.4,1230.24,78.24,36.3,2,8.14,10.9,1083.57,4.94,10.88,63.11,28.27,6.4,8,49.03,0.32,52
53,16.62,16.64,210,199.9,194.9,190,40.3,1.31,6.47,1276.5,78.14,46.84,2,8.1,11,1165.14,4.9,10.98,63.12,28.27,6.47,8,49.03,0.33,53
54,16.62,16.62,210,200,194.8,190,40.3,1.31,6.56,1244.33,78,47.39,2,8.14,11.04,1196.19,4.81,11.03,63.12,28.27,6.56,8,49.03,0.32,54
55,16.62,16.62,210,200,194.8,190.1,40.2,1.31,6.48,1245.58,78.14,47.87,2,8.14,10.96,1185.22,4.86,10.95,63.11,28.27,6.48,8,49.03,0.32,55
56,16.6,16.64,210,200.1,195,190.2,40,1.31,6.53,1253.56,78.11,48.04,2,8.12,11,1186.71,4.87,10.99,63.11,28.27,6.53,8,49.03,0.32,56
57,16.62,16.62,210,200,195,190.1,40,1.32,6.37,1281.24,78.26,46.11,2,8.13,10.89,1146.31,4.87,10.88,63.11,28.27,6.37,8,49.03,0.33,57
58,16.62,16.62,210.1,200.1,194.8,190,40,1.32,6.41,1284.74,78.2,46.01,2,8.1,10.92,1155.91,4.86,10.91,63.11,28.27,6.41,8,49.03,0.32,58
59,16.62,16.64,210,199.9,194.8,190,39.9,1.33,6.56,1250.44,78.07,47.61,2,8.1,11.04,1195.44,4.84,11,63.12,28.27,6.56,8,49.03,0.32,59
60,16.64,16.64,210,200,194.8,190,40,1.33,6.62,1252.68,78.02,47.58,2,8.13,11.07,1194.19,4.86,11.05,63.12,28.27,6.62,8,49.03,0.32,60
61,16.62,16.66,210,200.1,194.9,190.2,40.2,1.33,6.53,1238.97,78.14,46.2,2,8.14,10.99,1203.17,4.87,10.97,63.11,28.27,6.53,8,49.03,0.32,61
62,16.64,16.65,210,200.1,195,190.1,40.3,1.34,6.49,1276.88,78.15,48.42,2,8.13,10.99,1156.91,4.83,10.98,63.11,28.27,6.49,8,49.03,0.32,62
63,16.64,16.66,210,200.1,194.9,190.1,40.2,1.34,6.41,1288.6,78.17,45.67,2,8.13,10.9,1139.45,4.84,10.88,63.11,28.27,6.41,8,49.03,0.33,63
64,16.64,16.66,210,200.1,194.9,190,40.1,1.35,6.49,1261.17,78.15,48.61,2,8.1,10.96,1172.37,4.88,10.94,63.11,28.27,6.49,8,49.03,0.32,64
65,16.64,16.66,209.9,200,194.8,190,40.1,1.35,6.49,1255.05,78.16,48.95,2,8.1,10.97,1183.97,4.88,10.95,63.11,28.27,6.49,8,49.03,0.32,65
66,16.64,16.67,210,200.1,194.8,190,40,1.33,6.57,1237.84,78.1,46.37,2,8.13,11.04,1207.04,4.91,11.02,63.12,28.27,6.57,8,49.03,0.33,66
67,16.62,16.64,210,200.1,195.1,190.3,40,1.32,6.45,1249.94,78.18,47.71,2,8.11,10.97,1195.07,4.9,10.96,63.11,28.27,6.45,8,49.03,0.32,67
68,16.62,16.64,210,200.1,195.2,190.2,40,1.32,6.4,1289.1,78.23,44.44,2,8.1,10.9,1134.96,4.89,10.89,63.11,28.27,6.4,8,49.03,0.33,68
69,16.62,16.64,210,200.1,195,190.2,40,1.32,6.49,1263.04,78.16,47.8,2,8.13,10.98,1171,4.86,10.97,63.11,28.27,6.49,8,49.03,0.32,69
70,16.64,16.62,210,200.1,195,190.3,40,1.33,6.58,1240.59,78.08,47.21,2,8.13,11.06,1200.31,4.85,11.05,63.11,28.27,6.58,8,49.03,0.32,70
71,16.64,16.64,210,200,195.1,190.3,40.2,1.33,6.45,1234.98,78.19,46.2,2,8.12,10.96,1213.65,4.88,10.96,63.11,28.27,6.45,8,49.03,0.32,71
72,16.64,16.64,210,200.1,195,190.3,40.3,1.33,6.6,1236.35,78.09,46.4,2,8.14,11.07,1215.02,4.85,11.05,63.11,28.27,6.6,8,49.03,0.32,72
73,16.64,16.66,210,200,195,190.2,40.2,1.34,6.59,1279.25,78.04,49.38,2,8.11,11.1,1168.5,4.83,11.1,63.11,28.27,6.59,8,49.03,0.33,73
74,16.64,16.64,210,200,195.1,190.1,40.2,1.34,6.45,1278.13,78.24,47.93,2,8.13,10.96,1152.91,4.85,10.94,63.11,28.27,6.45,8,49.03,0.33,74
75,16.64,16.66,210,199.9,195,190,40.1,1.34,6.49,1284.61,78.16,46.05,2,8.12,10.99,1151.04,4.88,10.98,63.11,28.27,6.49,8,49.03,0.32,75
76,16.64,16.64,210,200,195.1,190.1,40.1,1.34,6.52,1260.67,78.14,47.55,2,8.11,11.04,1177.11,4.91,11.03,63.11,28.27,6.52,8,49.03,0.32,76
77,16.62,16.66,210,200.1,195.2,190.2,40,1.32,6.45,1262.16,78.25,47.71,2,8.13,10.95,1168.25,4.86,10.94,63.12,28.27,6.45,8,49.03,0.32,77
78,16.62,16.64,210,200.1,195.2,190.1,40,1.33,6.55,1246.57,78.18,47.83,2,8.14,11.01,1193.32,4.87,11,63.11,28.27,6.55,8,49.03,0.33,78
79,16.62,16.64,210,200.1,195.2,190.2,40,1.33,6.47,1262.41,78.26,48.83,2,8.1,10.97,1168.88,4.9,10.97,63.11,28.27,6.47,8,49.03,0.32,79
80,16.62,16.65,210,200.1,195.1,190.1,40,1.32,6.53,1257.92,78.09,48.32,2,8.11,11.04,1174.49,4.85,11.02,63.12,28.27,6.53,8,49.03,0.32,80
81,16.62,16.64,210,200.2,195.1,190.1,40,1.33,6.5,1242.71,78.12,48.37,2,8.11,11.04,1197.31,4.85,11.03,63.11,28.27,6.5,8,49.03,0.32,81
82,16.62,16.64,210,200.2,195.2,190.2,40.2,1.32,6.5,1273.14,78.14,47.93,2,8.14,11.01,1157.16,4.89,11,63.11,28.27,6.5,8,49.03,0.32,82
83,16.62,16.62,210,200.1,195.1,190.2,40.2,1.32,6.48,1238.97,78.27,46.51,2,8.13,10.96,1199.93,4.91,10.95,63.11,28.27,6.48,8,49.03,0.32,83
84,16.62,16.64,210,200,195.1,190.1,40.3,1.33,6.52,1257.92,78.16,47.78,2,8.14,11.02,1176.61,4.9,11.02,63.12,28.27,6.52,8,49.03,0.32,84
85,16.62,16.64,210,200.1,195,190.1,40.3,1.33,6.52,1265.03,78.16,48.12,2,8.11,11.03,1176.73,4.91,10.99,63.11,28.27,6.52,8,49.03,0.32,85
86,16.62,16.64,210,200,195.1,190.1,40.2,1.32,6.5,1251.31,78.2,47.93,2,8.12,10.98,1185.22,4.91,10.97,63.12,28.27,6.5,8,49.03,0.32,86
87,16.62,16.64,210,200,195.1,190,40.1,1.33,6.54,1249.82,78.16,48.31,2,8.13,11.04,1179.6,4.85,11.03,63.11,28.27,6.54,8,49.03,0.32,87
88,16.64,16.64,210,200,195,190,40.1,1.34,6.49,1246.32,78.18,48.46,2,8.1,10.98,1185.09,4.89,10.96,63.11,28.27,6.49,8,49.03,0.32,88
89,16.64,16.64,210,200,194.9,190,40.1,1.34,6.39,1255.8,78.28,48.13,2,8.11,10.9,1177.86,4.9,10.9,63.11,28.27,6.39,8,49.03,0.33,89
90,16.62,16.66,210,200.1,195.2,190,40.1,1.33,6.28,1281.24,78.4,45.92,2,8.13,10.79,1139.32,4.86,10.78,63.11,28.27,6.28,8,49.03,0.33,90
91,16.62,16.64,210.1,200,195.3,190,40,1.33,6.47,1274.14,78.21,47.19,2,8.1,10.98,1159.28,4.85,10.98,63.11,28.27,6.47,8,49.03,0.32,91
92,16.62,16.64,210,200,195.2,190,40,1.32,6.53,1258.3,78.17,47.42,2,8.12,11.06,1182.6,4.88,11.05,63.11,28.27,6.53,8,49.03,0.33,92
93,16.62,16.62,210.1,200.1,195.1,190,40.2,1.32,6.56,1253.06,78.13,47.53,2,8.12,11.04,1187.58,4.88,11.03,63.12,28.27,6.56,8,49.03,0.32,93
94,16.62,16.64,210,200.1,195.1,190.1,40.2,1.32,6.58,1242.83,78.14,46.67,2,8.1,11.05,1206.04,4.87,11.03,63.11,28.27,6.58,8,49.03,0.32,94
95,16.6,16.64,210,200.2,195.2,190.2,40.2,1.32,6.53,1251.44,78.15,48.04,2,8.11,11.04,1192.07,4.88,11.02,63.11,28.27,6.53,8,49.03,0.32,95
96,16.62,16.63,209.9,200.2,195.1,190.2,40.1,1.32,6.51,1279.25,78.18,48.66,2,8.12,10.99,1163.02,4.85,10.98,63.12,28.27,6.51,8,49.03,0.32,96
97,16.64,16.64,210,200.2,195,190.1,40.1,1.34,6.55,1251.06,78.13,48.6,2,8.14,11.05,1179.98,4.86,11.04,63.11,28.27,6.55,8,49.03,0.32,97
98,16.64,16.64,210,200.1,194.9,190.1,40.2,1.34,6.54,1241.09,78.09,47.92,2,8.12,11.05,1193.2,4.9,11.03,63.11,28.27,6.54,8,49.03,0.32,98
99,16.62,16.66,210,200.1,195,190.2,40.1,1.34,6.66,1253.31,78.04,47.87,2,8.11,11.13,1181.72,4.9,11.12,63.11,28.27,6.66,8,49.03,0.33,99
100,16.64,16.65,210,200.2,195.1,190.3,40.2,1.34,6.53,1251.69,78.19,47.78,2,8.13,11.01,1188.21,4.86,10.99,63.12,28.27,6.53,8,49.03,0.33,100
101,16.66,16.67,210,200.1,195.1,190.2,40.2,1.35,6.51,1287.11,78.16,46.92,2,8.1,11.04,1158.65,4.88,11,63.11,28.27,6.51,8,49.03,0.32,101
102,16.66,16.66,210,200.1,195.1,190.1,40.1,1.35,6.43,1283.86,78.3,46.58,2,8.12,10.95,1155.03,4.9,10.94,63.11,28.27,6.43,8,49.03,0.32,102
103,16.64,16.66,210,200.1,195.1,190.1,40.2,1.34,6.38,1258.67,78.33,48.71,2,8.14,10.91,1173.24,4.9,10.89,63.11,28.27,6.38,8,49.03,0.33,103
104,16.64,16.67,210,200.1,195.2,190.1,40.2,1.34,6.46,1239.71,78.21,48.23,2,8.12,10.98,1191.95,4.89,10.98,63.11,28.27,6.46,8,49.03,0.32,104
105,16.64,16.64,210.1,200.1,195.2,190.1,40.2,1.33,6.52,1236.22,78.24,47.17,2,8.12,10.99,1203.05,4.86,10.98,63.11,28.27,6.52,8,49.03,0.32,105
106,16.64,16.64,210,200.1,195.2,190,40.1,1.33,6.52,1236.6,78.2,46.02,2,8.11,11.01,1209.66,4.87,10.99,63.11,28.27,6.52,8,49.03,0.32,106
107,16.64,16.64,210.1,200.1,195.1,190,40.1,1.34,6.44,1253.06,78.28,48.56,2,8.1,10.95,1193.7,4.88,10.92,63.11,28.27,6.44,8,49.03,0.32,107
108,16.64,16.67,210,199.9,195.1,190,40.1,1.34,6.55,1254.31,78.13,48.11,2,8.12,11.05,1185.96,4.85,11.04,63.11,28.27,6.55,8,49.03,0.32,108
109,16.64,16.64,210,200.1,195.1,190.1,40,1.33,6.51,1251.19,78.15,47.88,2,8.11,11.03,1191.95,4.84,11.01,63.11,28.27,6.51,8,49.03,0.33,109
110,16.64,16.66,210,200.1,195.1,190.1,40,1.33,6.5,1255.3,78.16,48.07,2,8.13,11,1173.37,4.84,10.97,63.11,28.27,6.5,8,49.03,0.33,110
111,16.64,16.64,209.9,200,194.9,190.1,40,1.34,6.65,1236.85,78.11,46.84,2,8.14,11.13,1202.68,4.84,11.11,63.11,28.27,6.65,8,49.03,0.32,111
112,16.64,16.66,209.9,199.9,194.9,189.9,40,1.34,6.52,1251.44,78.2,48.7,2,8.13,11,1177.61,4.85,10.99,63.12,28.27,6.52,8,49.03,0.32,112
113,16.66,16.64,210,199.9,194.8,189.9,40,1.35,6.53,1261.29,78.19,49.49,2,8.11,11.02,1171,4.84,11.01,63.11,28.27,6.53,8,49.03,0.33,113
114,16.64,16.68,210,199.9,194.9,189.9,40.2,1.35,6.49,1244.83,78.17,48.54,2,8.11,10.99,1186.34,4.92,10.98,63.11,28.27,6.49,8,49.03,0.32,114
115,16.64,16.66,209.9,200.1,194.9,190,40.2,1.35,6.51,1256.92,78.17,48.97,2,8.13,10.99,1183.72,4.86,10.97,63.11,28.27,6.51,8,49.03,0.32,115
116,16.64,16.66,210,200.1,194.9,190,40.2,1.34,6.53,1264.41,78.11,47.58,2,8.13,11.04,1171.12,4.84,11.02,63.11,28.27,6.53,8,49.03,0.32,116
117,16.62,16.66,210,200.1,194.8,190,40.1,1.33,6.55,1257.17,78.14,46.93,2,8.13,11.05,1195.82,4.83,11.05,63.11,28.27,6.55,8,49.03,0.32,117
118,16.62,16.64,209.9,199.9,194.9,189.9,40.1,1.33,6.61,1257.17,78.1,45.92,2,8.12,11.07,1195.69,4.83,11.06,63.11,28.27,6.61,8,49.03,0.33,118
119,16.62,16.64,210.1,199.9,194.9,189.9,39.9,1.33,6.51,1256.92,78.15,46.48,2,8.1,11.03,1195.69,4.82,11.02,63.11,28.27,6.51,8,49.03,0.32,119
120,16.62,16.64,210,199.9,194.9,189.8,39.9,1.33,6.59,1252.19,78.03,46.58,2,8.11,11.09,1203.42,4.81,11.08,63.12,28.27,6.59,8,49.03,0.33,120
121,16.64,16.62,210,199.9,195.1,189.9,40,1.33,6.54,1245.95,78.11,46.99,2,8.13,11.02,1207.16,4.85,11,63.12,28.27,6.54,8,49.03,0.33,121
122,16.64,16.66,210,200.1,195.1,190.1,40.2,1.34,6.65,1241.21,77.99,45.73,2,8.11,11.15,1215.77,4.85,11.14,63.11,28.27,6.65,8,49.03,0.33,122
123,16.64,16.64,209.9,200.1,195.1,190.2,40.3,1.34,6.6,1241.83,78.03,46.6,2,8.14,11.11,1202.3,4.87,11.09,63.12,28.27,6.6,8,49.03,0.32,123
124,16.64,16.66,209.9,200.1,195,190.1,40.1,1.34,6.56,1261.54,78.15,47.36,2,8.14,11.04,1180.85,4.88,11.03,63.12,28.27,6.56,8,49.03,0.33,124
125,16.62,16.66,209.9,200.1,195,190.1,40.1,1.33,6.51,1282.12,78.13,45.52,2,8.13,11.04,1167.26,4.87,10.99,63.11,28.27,6.51,8,49.03,0.32,125
126,16.64,16.65,210,199.9,194.9,189.9,39.8,1.33,6.41,1279.5,78.29,45.71,2,8.12,10.92,1156.66,4.89,10.9,63.11,28.27,6.41,8,49.03,0.33,126
127,16.66,16.64,210,200,195.1,189.9,39.9,1.34,6.5,1266.28,78.18,47.31,2,8.12,10.98,1172.74,4.84,10.96,63.11,28.27,6.5,8,49.03,0.32,127
128,16.66,16.66,210,200.1,195.1,190,40.1,1.35,6.46,1278.13,78.23,47.64,2,8.1,10.95,1162.89,4.85,10.94,63.11,28.27,6.46,8,49.03,0.32,128
129,16.64,16.66,210,200.2,195.1,190,40.2,1.34,6.48,1264.53,78.23,47.71,2,8.14,10.95,1167.51,4.83,10.95,63.11,28.27,6.48,8,49.03,0.33,129
130,16.64,16.66,210,200.1,195.1,190,40.2,1.35,6.51,1260.54,78.19,49.29,2,8.1,11.03,1191.08,4.84,11.02,63.11,28.27,6.51,8,49.03,0.32,130
131,16.64,16.66,209.9,200.1,195.1,189.9,40.2,1.34,6.46,1258.55,78.16,48.71,2,8.11,10.97,1180.6,4.87,10.96,63.12,28.27,6.46,8,49.03,0.32,131
132,16.64,16.64,210,199.9,195,189.9,40.1,1.33,6.6,1242.58,78.08,46.39,2,8.13,11.06,1213.15,4.89,11.04,63.11,28.27,6.6,8,49.03,0.32,132
133,16.62,16.66,209.9,200.1,195,189.9,39.9,1.32,6.49,1248.2,78.14,46.78,2,8.13,11,1200.55,4.89,10.99,63.11,28.27,6.49,8,49.03,0.32,133
134,16.64,16.62,210.1,200.1,195.1,190,39.9,1.32,6.61,1251.56,78.06,45.48,2,8.12,11.09,1213.28,4.82,11.07,63.11,28.27,6.61,8,49.03,0.32,134
135,16.62,16.64,210.1,200.1,195.2,190.1,40,1.32,6.48,1250.07,78.27,45.57,2,8.11,10.93,1199.81,4.85,10.92,63.11,28.27,6.48,8,49.03,0.32,135
136,16.64,16.65,210.1,200.1,195.2,190.1,40.2,1.35,6.53,1276.88,78.15,46.48,2,8.1,11.04,1175.36,4.86,11.04,63.11,28.27,6.53,8,49.03,0.32,136
137,16.66,16.67,210.1,199.9,195.1,190,40.2,1.35,6.61,1271.77,78.13,47.97,2,8.1,11.06,1173.24,4.85,11.05,63.11,28.27,6.61,8,49.03,0.32,137
138,16.64,16.66,210,200,194.9,189.9,40.2,1.34,6.51,1262.04,78.15,47.95,2,8.14,11,1175.61,4.82,10.99,63.11,28.27,6.51,8,49.03,0.32,138
139,16.64,16.67,210.1,199.9,195,189.9,40.1,1.35,6.47,1249.94,78.21,47.87,2,8.11,10.94,1183.22,4.85,10.93,63.11,28.27,6.47,8,49.03,0.32,139
140,16.66,16.67,210.1,200,195.1,190,40,1.36,6.53,1240.96,78.14,47.58,2,8.1,11.03,1206.92,4.83,11.01,63.11,28.27,6.53,8,49.03,0.32,140
141,16.66,16.68,210,200.1,195.2,190.2,40,1.36,6.5,1260.42,78.18,48.3,2,8.11,11,1183.59,4.85,10.98,63.11,28.27,6.5,8,49.03,0.32,141
142,16.66,16.66,210,200.1,195.2,190.3,40,1.35,6.5,1290.97,78.12,46.24,2,8.12,11.01,1152.04,4.82,10.99,63.11,28.27,6.5,8,49.03,0.32,142
143,16.64,16.66,210,200.1,195.2,190.3,39.9,1.34,6.52,1273.76,78.15,46.52,2,8.14,11.01,1168.01,4.82,11,63.12,28.27,6.52,8,49.03,0.33,143
144,16.62,16.66,210,200.1,195.3,190.3,40,1.33,6.51,1254.06,78.2,46.51,2,8.11,10.99,1199.31,4.85,10.98,63.12,28.27,6.51,8,49.03,0.33,144
145,16.64,16.65,210,200.1,195.3,190.1,40.1,1.33,6.5,1250.19,78.21,46.74,2,8.11,11,1198.06,4.86,10.96,63.11,28.27,6.5,8,49.03,0.32,145
146,16.64,16.66,209.9,200.1,195.1,190,40.2,1.33,6.52,1249.57,78.2,47.09,2,8.12,11.03,1201.68,4.87,11.01,63.11,28.27,6.52,8,49.03,0.32,146
147,16.64,16.64,210,200.1,195,190,40.2,1.33,6.59,1242.83,78.13,46.41,2,8.13,11.07,1207.79,4.82,11.06,63.11,28.27,6.59,8,49.03,0.33,147
148,16.66,16.64,209.9,200.1,195,190,40.2,1.35,6.5,1259.42,78.16,48.93,2,8.14,11,1179.73,4.87,10.99,63.11,28.27,6.5,8,49.03,0.32,148
149,16.64,16.66,210,200.1,195.1,190.1,40.1,1.34,6.44,1238.72,78.23,46.89,2,8.1,10.92,1204.17,4.89,10.9,63.11,28.27,6.44,8,49.03,0.33,149
150,16.64,16.66,210,200.2,195.1,190,40.1,1.34,6.42,1254.56,78.34,47.46,2,8.13,10.89,1189.7,4.9,10.87,63.11,28.27,6.42,8,49.03,0.33,150
151,16.62,16.66,209.9,200.2,194.8,189.9,39.9,1.34,6.41,1257.17,78.28,46.62,2,8.14,10.88,1187.21,4.89,10.86,63.11,28.27,6.41,8,49.03,0.32,151
152,16.64,16.65,210,200.1,194.9,190,40,1.34,6.53,1256.43,78.14,45.58,2,8.1,11.02,1196.44,4.83,11.01,63.11,28.27,6.53,8,49.03,0.33,152
153,16.66,16.64,210.1,200.1,194.8,190,40,1.35,6.55,1281.74,78.11,46.86,2,8.12,11.05,1162.27,4.86,11.03,63.11,28.27,6.55,8,49.03,0.32,153
154,16.66,16.68,210.1,200.1,194.9,190.1,40.2,1.36,6.49,1292.09,78.18,44.71,2,8.11,10.97,1131.71,4.85,10.96,63.11,28.27,6.49,8,49.03,0.32,154
155,16.66,16.66,210,200,195,190,40.1,1.36,6.49,1284.49,78.18,46.98,2,8.11,11,1160.9,4.87,10.99,63.11,28.27,6.49,8,49.03,0.32,155
156,16.66,16.68,210.1,200.1,195.1,190.1,40.2,1.36,6.5,1277.63,78.18,48.74,2,8.14,11,1167.88,4.86,10.99,63.11,28.27,6.5,8,49.03,0.32,156
157,16.64,16.68,210.1,199.9,195.1,190,40.1,1.35,6.61,1245.58,78.1,47.58,2,8.13,11.1,1201.8,4.86,11.08,63.11,28.27,6.61,8,49.03,0.33,157
158,16.64,16.66,209.9,199.9,195,190,40.1,1.33,6.45,1240.96,78.27,46.38,2,8.13,10.9,1212.65,4.92,10.89,63.11,28.27,6.45,8,49.03,0.32,158
159,16.64,16.64,210,200.1,195.1,190,40.1,1.33,6.46,1258.05,78.25,47.42,2,8.14,10.96,1191.33,4.85,10.95,63.12,28.27,6.46,8,49.03,0.32,159
160,16.62,16.66,210,199.9,195.1,190.1,39.9,1.34,6.53,1258.67,78.21,46.89,2,8.11,11.02,1195.82,4.87,11.01,63.11,28.27,6.53,8,49.03,0.33,160
161,16.64,16.65,209.9,200.1,195.1,190.1,40,1.33,6.39,1273.14,78.34,46.71,2,8.11,10.89,1176.86,4.91,10.88,63.11,28.27,6.39,8,49.03,0.32,161
162,16.64,16.64,210,200,195,190,40,1.34,6.45,1262.16,78.24,46.57,2,8.13,10.92,1181.22,4.86,10.9,63.12,28.27,6.45,8,49.03,0.32,162
163,16.64,16.66,209.9,200.1,194.9,190,40,1.35,6.38,1262.04,78.29,47.68,2,8.1,10.9,1183.22,4.88,10.89,63.11,28.27,6.38,8,49.03,0.33,163
164,16.64,16.66,210,200.1,194.8,189.9,40,1.34,6.46,1270.77,78.23,47.97,2,8.1,10.96,1164.64,4.82,10.95,63.11,28.27,6.46,8,49.03,0.32,164
165,16.66,16.66,210,200.1,194.8,190,40.1,1.36,6.5,1290.35,78.23,46.82,2,8.11,11.01,1154.29,4.81,11.01,63.11,28.27,6.5,8,49.03,0.33,165
166,16.66,16.66,210,199.9,195.1,190,40.2,1.36,6.56,1292.72,78.13,47.74,2,8.14,11.05,1147.8,4.85,11.03,63.11,28.27,6.56,8,49.03,0.32,166
167,16.68,16.69,209.9,199.9,195,190.1,40.2,1.37,6.48,1259.79,78.19,48.82,2,8.11,10.97,1189.83,4.89,10.96,63.11,28.27,6.48,8,49.03,0.33,167
168,16.66,16.68,210,199.9,194.9,189.9,40.1,1.36,6.52,1261.29,78.17,47.93,2,8.1,11.03,1191.08,4.85,11.02,63.11,28.27,6.52,8,49.03,0.32,168
169,16.64,16.68,209.9,199.9,194.8,190,40.2,1.34,6.51,1251.44,78.15,46.73,2,8.12,11.03,1201.55,4.81,11.02,63.11,28.27,6.51,8,49.03,0.32,169
170,16.64,16.66,210.1,199.9,194.9,189.9,40.2,1.35,6.61,1245.33,78.16,46.05,2,8.11,11.08,1213.28,4.8,11.07,63.11,28.27,6.61,8,49.03,0.32,170
171,16.64,16.66,210,199.9,194.8,189.9,40.1,1.35,6.5,1266.78,78.24,47.95,2,8.13,10.95,1184.84,4.8,10.95,63.11,28.27,6.5,8,49.03,0.32,171
172,16.66,16.66,210.1,199.9,194.8,189.9,40.2,1.36,6.49,1287.85,78.19,48.46,2,8.14,10.99,1155.91,4.84,10.98,63.12,28.27,6.49,8,49.03,0.32,172
173,16.66,16.68,210.1,200,194.8,190,40.2,1.36,6.51,1262.91,78.14,48.62,2,8.12,11.03,1176.49,4.83,11.01,63.11,28.27,6.51,8,49.03,0.33,173
174,16.66,16.66,210.1,200.1,194.9,190,40.2,1.35,6.46,1246.57,78.25,48.27,2,8.11,10.93,1191.2,4.81,10.92,63.11,28.27,6.46,8,49.03,0.32,174
175,16.64,16.68,210,200.1,195,190.1,40.1,1.35,6.54,1254.06,78.13,48.21,2,8.1,11.01,1188.08,4.78,10.99,63.11,28.27,6.54,8,49.03,0.33,175
176,16.64,16.66,210,200.1,195.1,190,40.1,1.34,6.58,1245.83,78.14,45.76,2,8.14,11.06,1215.4,4.83,11.04,63.12,28.27,6.58,8,49.03,0.32,176
177,16.64,16.64,209.9,200.1,195.3,190.3,40.1,1.34,6.52,1264.78,78.22,46.77,2,8.13,11.03,1186.71,4.79,11.02,63.11,28.27,6.52,8,49.03,0.32,177
178,16.64,16.67,210,200.1,195.3,190.3,40.2,1.35,6.54,1293.34,78.17,45.12,2,8.14,11.05,1150.55,4.8,11.04,63.12,28.27,6.54,8,49.03,0.32,178
179,16.66,16.67,209.9,200.1,195.3,190.3,40.1,1.36,6.53,1286.36,78.19,46.65,2,8.14,11.03,1155.66,4.82,11.01,63.11,28.27,6.53,8,49.03,0.32,179
180,16.66,16.68,210,200.1,195.3,190.3,40.1,1.36,6.59,1287.48,78.12,46.91,2,8.12,11.1,1162.64,4.8,11.08,63.11,28.27,6.59,8,49.03,0.33,180
181,16.66,16.66,210,200.1,195.3,190.3,40.2,1.35,6.42,1279.25,78.29,46.71,2,8.1,10.92,1160.77,4.83,10.91,63.11,28.27,6.42,8,49.03,0.32,181
182,16.66,16.68,209.9,200,195.3,190.2,40.2,1.36,6.53,1253.06,78.2,48.54,2,8.1,11,1181.35,4.8,10.98,63.11,28.27,6.53,8,49.03,0.33,182
183,16.66,16.66,210,199.9,195.1,190,40.1,1.36,6.59,1250.07,78.14,48.55,2,8.1,11.07,1192.82,4.79,11.04,63.11,28.27,6.59,8,49.03,0.32,183
184,16.64,16.68,210,200,195.1,190,40.1,1.35,6.57,1264.03,78.12,48.03,2,8.12,11.07,1192.57,4.81,11.07,63.11,28.27,6.57,8,49.03,0.33,184
185,16.64,16.66,210,199.9,195,190,40.1,1.34,6.55,1252.81,78.12,46.72,2,8.12,11.06,1205.54,4.8,11.06,63.11,28.27,6.55,8,49.03,0.32,185
186,16.64,16.64,210,200,194.9,190,40.1,1.33,6.63,1249.32,78.06,45.5,2,8.13,11.14,1213.77,4.79,11.13,63.11,28.27,6.63,8,49.03,0.32,186
187,16.64,16.66,210,200,195,189.9,40,1.34,6.56,1250.07,78.23,46.61,2,8.12,11.03,1207.41,4.82,11.02,63.11,28.27,6.56,8,49.03,0.33,187
188,16.66,16.64,210,200.1,194.9,189.9,40,1.35,6.5,1252.56,78.23,46.98,2,8.13,11,1200.31,4.82,10.99,63.11,28.27,6.5,8,49.03,0.32,188
189,16.68,16.66,210,200,194.9,189.7,40,1.37,6.48,1279.5,78.19,48.54,2,8.11,10.98,1161.52,4.78,10.97,63.11,28.27,6.48,8,49.03,0.33,189
190,16.68,16.68,210.1,200,194.8,189.6,40,1.37,6.46,1299.45,78.26,45.97,2,8.1,10.95,1136.33,4.79,10.95,63.12,28.27,6.46,8,49.03,0.33,190
191,16.68,16.68,210,199.9,194.8,189.7,40,1.37,6.52,1282.24,78.17,49.21,2,8.13,11.01,1164.51,4.77,11,63.12,28.27,6.52,8,49.03,0.32,191
192,16.66,16.7,210,199.9,194.8,189.6,40,1.36,6.48,1274.63,78.24,48.62,2,8.12,10.97,1164.01,4.8,10.95,63.11,28.27,6.48,8,49.03,0.32,192
193,16.66,16.66,209.9,200,194.8,189.6,40.3,1.37,6.6,1259.67,78.1,48.02,2,8.12,11.06,1188.83,4.78,11.05,63.11,28.27,6.6,8,49.03,0.32,193
194,16.66,16.69,209.9,199.9,194.8,189.6,40.3,1.36,6.65,1248.07,78.04,46.91,2,8.14,11.14,1209.78,4.8,11.14,63.11,28.27,6.65,8,49.03,0.32,194
195,16.64,16.68,209.9,199.9,194.8,189.6,40.3,1.36,6.54,1254.18,78.21,47.55,2,8.1,11,1191.58,4.84,10.99,63.12,28.27,6.54,8,49.03,0.32,195
196,16.66,16.66,210,199.9,194.8,189.6,40.2,1.36,6.55,1280.74,78.17,48.66,2,8.11,11.06,1175.36,4.82,11.04,63.11,28.27,6.55,8,49.03,0.32,196
197,16.66,16.68,210.1,199.9,194.7,189.7,40,1.37,6.58,1268.15,78.13,48.46,2,8.11,11.06,1183.72,4.82,11.05,63.11,28.27,6.58,8,49.03,0.32,197
198,16.66,16.68,210,199.9,194.8,189.8,40,1.37,6.48,1262.04,78.21,48.69,2,8.14,10.97,1179.98,4.8,10.95,63.11,28.27,6.48,8,49.03,0.33,198
199,16.66,16.68,209.9,200,194.8,189.9,40,1.37,6.61,1246.82,78.06,47.86,2,8.13,11.05,1206.17,4.8,11.04,63.11,28.27,6.61,8,49.03,0.32,199
200,16.64,16.68,210,200.1,194.8,190,39.8,1.36,6.52,1241.21,78.17,46.43,2,8.11,11.02,1209.53,4.74,11.01,63.11,28.27,6.52,8,49.03,0.33,200
201,16.64,16.66,210,200,194.7,190,39.9,1.34,6.5,1247.2,78.23,46.9,2,8.11,10.98,1206.92,4.8,10.97,63.12,28.27,6.5,8,49.03,0.32,201
202,16.64,16.66,209.9,200.1,194.6,190,40,1.35,6.51,1257.67,78.21,47.78,2,8.13,11,1199.93,4.78,10.98,63.11,28.27,6.51,8,49.03,0.32,202
203,16.66,16.66,209.9,200.1,194.7,190,40.1,1.36,6.48,1270.89,78.19,47.76,2,8.12,10.98,1176.11,4.85,10.97,63.12,28.27,6.48,8,49.03,0.32,203
204,16.66,16.66,210,200.1,194.8,190,40.3,1.35,6.5,1257.05,78.18,47.21,2,8.12,11,1186.09,4.82,10.98,63.11,28.27,6.5,8,49.03,0.32,204
205,16.66,16.66,210,200.1,194.8,190,40.3,1.36,6.57,1274.88,78.13,47.49,2,8.1,11.05,1168.63,4.81,11.03,63.11,28.27,6.57,8,49.03,0.32,205
206,16.66,16.69,210,200.1,194.9,190,40.2,1.36,6.43,1272.14,78.31,48.44,2,8.14,10.9,1161.52,4.83,10.88,63.11,28.27,6.43,8,49.03,0.32,206
207,16.66,16.68,210,200.1,195.1,190.2,40,1.37,6.46,1277,78.23,48.85,2,8.11,10.95,1163.02,4.78,10.95,63.11,28.27,6.46,8,49.03,0.32,207
208,16.68,16.68,210,200.1,195.1,190.3,39.9,1.37,6.59,1295.34,78.09,46.62,2,8.12,11.08,1152.17,4.83,11.07,63.11,28.27,6.59,8,49.03,0.32,208
209,16.66,16.68,210,200.1,195.2,190.3,39.9,1.35,6.46,1280.99,78.18,48.83,2,8.11,10.96,1169,4.84,10.95,63.11,28.27,6.46,8,49.03,0.32,209
210,16.64,16.68,210,200.1,195.3,190.3,39.9,1.34,6.46,1267.15,78.19,47.36,2,8.14,10.96,1177.11,4.83,10.94,63.11,28.27,6.46,8,49.03,0.32,210
211,16.66,16.64,210,200.1,195.3,190.3,40,1.34,6.6,1245.2,78.07,42.16,2,8.11,11.09,1230.36,4.77,11.07,63.12,28.27,6.6,8,49.03,0.32,211
212,16.64,16.66,210,200.1,195.3,190.2,40.1,1.34,6.65,1244.7,78.09,43.26,2,8.14,11.13,1218.39,4.76,11.12,63.11,28.27,6.65,8,49.03,0.32,212
213,16.64,16.66,210,200,195.3,190.3,40.2,1.34,6.46,1247.2,78.27,46.51,2,8.12,10.94,1209.41,4.79,10.93,63.12,28.27,6.46,8,49.03,0.32,213
214,16.66,16.64,210,200.1,195.3,190.2,40.3,1.36,6.47,1286.36,78.17,48.36,2,8.11,10.97,1169.38,4.75,10.96,63.11,28.27,6.47,8,49.03,0.33,214
215,16.66,16.69,210,200.1,195.5,190.2,40.1,1.37,6.51,1269.27,78.2,48.88,2,8.12,10.96,1177.23,4.76,10.96,63.11,28.27,6.51,8,49.03,0.32,215
216,16.68,16.68,210,200,195.3,190.1,40,1.37,6.49,1258.05,78.2,48.71,2,8.1,10.98,1175.11,4.79,10.98,63.11,28.27,6.49,8,49.03,0.32,216
217,16.68,16.68,210,200.1,195.1,190.1,40,1.37,6.54,1256.68,78.16,49.14,2,8.1,11.02,1191.83,4.79,11.01,63.11,28.27,6.54,8,49.03,0.32,217
218,16.66,16.68,210,200.1,195.1,190.2,39.9,1.36,6.53,1259.05,78.19,47.47,2,8.1,10.99,1190.83,4.82,10.97,63.11,28.27,6.53,8,49.03,0.33,218
219,16.66,16.68,210,200.1,195.1,190.3,39.8,1.35,6.47,1257.8,78.3,47.46,2,8.11,10.91,1184.59,4.82,10.88,63.12,28.27,6.47,8,49.03,0.33,219
220,16.66,16.66,210,200.1,195.1,190.2,40,1.36,6.52,1286.11,78.14,46.58,2,8.13,11.01,1155.41,4.83,11,63.11,28.27,6.52,8,49.03,0.32,220
221,16.66,16.68,210.1,200.1,195,190.3,40.2,1.37,6.52,1276.01,78.16,47.74,2,8.1,11,1170.5,4.8,10.99,63.11,28.27,6.52,8,49.03,0.32,221
222,16.64,16.68,210.1,200.1,195,190.2,40.2,1.36,6.58,1257.05,78.11,47.66,2,8.1,11.04,1186.96,4.79,11.04,63.11,28.27,6.58,8,49.03,0.32,222
223,16.66,16.67,210,200.1,195.1,190.1,40.2,1.36,6.5,1255.8,78.19,48.33,2,8.11,11.01,1197.31,4.84,11,63.11,28.27,6.5,8,49.03,0.32,223
224,16.66,16.68,210,200,194.9,190.1,40.2,1.36,6.5,1244.58,78.23,47.55,2,8.12,11.01,1204.17,4.8,10.99,63.11,28.27,6.5,8,49.03,0.32,224
225,16.66,16.68,210,199.9,194.9,190,40.1,1.37,6.46,1252.19,78.31,48.5,2,8.11,10.93,1188.71,4.8,10.91,63.11,28.27,6.46,8,49.03,0.32,225
226,16.68,16.66,210,199.9,194.8,189.9,40,1.37,6.57,1284.24,78.12,49.02,2,8.12,11.06,1162.27,4.82,11.04,63.11,28.27,6.57,8,49.03,0.32,226
227,16.66,16.68,210,199.9,194.9,189.9,40,1.36,6.56,1268.52,78.18,48.05,2,8.13,11.06,1178.98,4.83,11.05,63.11,28.27,6.56,8,49.03,0.32,227
228,16.64,16.68,209.9,199.9,194.9,189.8,39.9,1.35,6.6,1256.68,78.11,46.65,2,8.11,11.05,1197.56,4.8,11.04,63.11,28.27,6.6,8,49.03,0.32,228
229,16.64,16.66,210,200,194.9,189.8,40,1.35,6.45,1257.3,78.32,47.72,2,8.11,10.92,1186.46,4.86,10.91,63.11,28.27,6.45,8,49.03,0.32,229
230,16.64,16.66,210.1,200,194.8,189.7,40.2,1.35,6.46,1257.8,78.27,47.2,2,8.12,10.93,1184.72,4.82,10.92,63.11,28.27,6.46,8,49.03,0.32,230
231,16.66,16.66,210,199.9,194.8,189.8,40.3,1.35,6.57,1242.83,78.21,47.14,2,8.11,11.02,1204.05,4.81,11.01,63.12,28.27,6.57,8,49.03,0.32,231
232,16.68,16.66,210,200,194.8,189.9,40.3,1.38,6.54,1288.1,78.12,47.64,2,8.11,11.02,1148.3,4.82,11,63.11,28.27,6.54,8,49.03,0.32,232
233,16.68,16.71,210,200.1,194.8,190,40.2,1.38,6.57,1291.35,78.15,47.6,2,8.12,11.06,1156.03,4.82,11.06,63.12,28.27,6.57,8,49.03,0.32,233
234,16.68,16.7,210,200,195,190,40.2,1.38,6.54,1280.74,78.17,48.77,2,8.11,11.04,1159.9,4.8,11.03,63.11,28.27,6.54,8,49.03,0.32,234
